ID;Device;DateTime;Amount;Status
918414917;Phone;2022-04-30 23:39:58;256;Passive
406881358;TV;2022-04-30 23:22:46;913;Active
538068275;TV;2022-04-30 23:18:10;760;Passive
706354994;Other;2022-04-30 22:41:04;1069;Active
463366230;Other;2022-04-30 22:38:27;1278;Active
960943212;Speaker;2022-04-30 21:16:43;2512;Active
614047061;Other;2022-04-30 21:16:37;343;Passive
790645227;TV;2022-04-30 20:56:30;218;Passive
451285143;Other;2022-04-30 20:40:49;1280;Active
520326951;Computer;2022-04-30 20:39:42;1323;Active
337732585;Other;2022-04-30 20:24:23;703;Passive
679567067;Speaker;2022-04-30 19:36:53;1596;Active
645547316;TV;2022-04-30 19:32:49;2857;Active
910467750;TV;2022-04-30 18:52:59;746;Passive
124343101;Computer;2022-04-30 16:50:57;1568;Active
917289410;Computer;2022-04-30 16:15:05;2185;Active
981079009;TV;2022-04-30 14:51:45;1526;Active
3488623;Speaker;2022-04-30 13:58:54;1030;Active
153818474;Speaker;2022-04-30 13:56:56;2223;Active
308119731;Speaker;2022-04-30 12:14:06;164;Passive
983985287;Computer;2022-04-30 11:53:16;600;Passive
995920656;Speaker;2022-04-30 11:49:25;626;Passive
892040211;TV;2022-04-30 11:48:53;252;Passive
262336222;Computer;2022-04-30 10:53:39;1148;Active
524045892;Other;2022-04-30 09:48:22;407;Passive
654241171;Speaker;2022-04-30 07:19:52;2982;Active
843738567;Other;2022-04-30 06:01:59;1918;Active
516776075;Other;2022-04-29 13:25:38;2578;Active
761621998;Other;2022-04-29 13:20:22;1089;Active
805869788;Computer;2022-04-29 13:18:18;1254;Active
568436972;Computer;2022-04-29 22:35:11;2358;Active
965109263;Other;2022-04-29 22:16:39;1775;Active
951966017;Phone;2022-04-29 22:16:21;238;Passive
673410888;Computer;2022-04-29 21:47:47;522;Passive
33513237;Speaker;2022-04-29 20:22:52;1971;Active
276077413;TV;2022-04-29 19:23:01;245;Passive
937659336;Computer;2022-04-29 19:03:44;419;Passive
382228262;Other;2022-04-29 17:42:51;2166;Active
906252855;TV;2022-04-29 17:28:37;878;Active
876614877;TV;2022-04-29 17:15:30;404;Passive
777518107;Other;2022-04-29 16:50:26;716;Passive
682435413;Phone;2022-04-29 16:39:09;81;Passive
176833546;Speaker;2022-04-29 16:21:22;553;Passive
400422110;Speaker;2022-04-29 16:15:49;2947;Active
700174164;TV;2022-04-29 16:05:14;489;Passive
706465354;TV;2022-04-29 15:50:07;1052;Active
424557054;Phone;2022-04-29 15:46:36;2275;Active
730369347;Phone;2022-04-29 15:31:55;1405;Active
928539097;TV;2022-04-29 15:17:31;1678;Active
421606886;Other;2022-04-29 13:16:21;1657;Active
273783109;Phone;2022-04-29 13:13:09;2591;Active
665620437;Computer;2022-04-29 12:43:38;789;Active
225975469;TV;2022-04-29 11:57:43;608;Passive
832290896;Speaker;2022-04-29 11:39:52;101;Passive
249294384;TV;2022-04-29 10:40:33;367;Passive
123687145;Other;2022-04-29 08:54:14;1117;Active
937874504;Other;2022-04-29 06:40:08;572;Passive
32137342;TV;2022-04-28 23:50:05;1758;Active
612371621;Computer;2022-04-28 23:47:34;2599;Active
787711619;Speaker;2022-04-28 22:09:04;2096;Active
194988296;Computer;2022-04-28 22:02:39;1641;Active
217781477;Computer;2022-04-28 21:22:01;2773;Active
602759324;Phone;2022-04-28 20:52:23;2677;Active
136176334;Phone;2022-04-28 20:16:03;140;Passive
944275872;Other;2022-04-28 18:20:59;198;Passive
578106891;TV;2022-04-28 17:13:57;1811;Active
155743238;TV;2022-04-28 16:16:41;25;Passive
782487589;Computer;2022-04-28 15:53:48;1830;Active
824805011;TV;2022-04-28 14:18:43;349;Passive
844789082;Other;2022-04-28 12:40:43;677;Passive
33805844;TV;2022-04-28 12:14:35;1302;Active
569152054;Computer;2022-04-28 12:05:33;248;Passive
710674602;TV;2022-04-28 11:39:15;1057;Active
620503787;Other;2022-04-28 10:24:18;2616;Active
741374029;TV;2022-04-27 23:03:50;702;Passive
203595946;Phone;2022-04-27 22:32:10;722;Passive
652920724;Computer;2022-04-27 22:12:56;1418;Active
368105265;TV;2022-04-27 21:44:41;1114;Active
805513999;Speaker;2022-04-27 20:34:16;634;Passive
167351066;Speaker;2022-04-27 20:11:15;1696;Active
180691918;Phone;2022-04-27 19:12:39;2476;Active
755600530;Computer;2022-04-27 18:21:52;838;Active
374978213;Speaker;2022-04-27 17:39:39;1505;Active
574253674;Speaker;2022-04-27 17:39:11;798;Active
611767316;Phone;2022-04-27 17:30:27;2636;Active
114316518;Computer;2022-04-27 16:02:22;263;Passive
701795248;Computer;2022-04-27 15:40:02;2851;Active
632121662;Phone;2022-04-27 15:06:36;1138;Active
519207083;Speaker;2022-04-27 14:14:54;1454;Active
577361973;Computer;2022-04-27 13:48:34;1553;Active
506784633;Computer;2022-04-27 11:42:06;2789;Active
840467020;Speaker;2022-04-27 09:37:02;2506;Active
258240660;TV;2022-04-27 09:31:10;251;Passive
991018054;Speaker;2022-04-27 08:48:07;480;Passive
475918814;Phone;2022-04-27 08:32:12;1508;Active
512811935;TV;2022-04-27 06:15:31;538;Passive
854062628;TV;2022-04-26 23:53:26;2858;Active
321895279;Phone;2022-04-26 22:26:41;2744;Active
505498641;TV;2022-04-26 22:02:21;2155;Active
707968456;Computer;2022-04-26 21:10:38;2024;Active
89769601;Speaker;2022-04-26 20:47:15;2642;Active
789679553;Computer;2022-04-26 19:44:39;215;Passive
486041654;Speaker;2022-04-26 19:41:07;1904;Active
993907790;TV;2022-04-26 19:07:33;2666;Active
248275139;Phone;2022-04-26 18:32:26;1733;Active
186223798;Computer;2022-04-26 18:22:40;1579;Active
209165909;Computer;2022-04-26 18:07:03;1976;Active
31826720;Phone;2022-04-26 18:00:35;2215;Active
926501005;Phone;2022-04-26 16:27:19;1678;Active
843268102;Speaker;2022-04-26 11:10:24;1057;Active
110168790;TV;2022-04-26 10:28:46;2174;Active
531671762;Computer;2022-04-26 09:38:09;106;Passive
760899928;Other;2022-04-26 09:31:11;1059;Active
43883111;TV;2022-04-25 23:53:26;24;Passive
180816212;Other;2022-04-25 22:48:22;1129;Active
212587893;Computer;2022-04-25 22:41:13;135;Passive
310259716;Phone;2022-04-25 20:37:32;129;Passive
802822566;Computer;2022-04-25 20:22:24;2751;Active
79315367;Computer;2022-04-25 18:25:16;1884;Active
546817223;Computer;2022-04-25 17:10:26;2125;Active
318596894;Computer;2022-04-25 16:38:33;415;Passive
968365717;Computer;2022-04-25 15:51:18;2638;Active
333670061;Speaker;2022-04-25 15:42:31;1796;Active
526959447;Phone;2022-04-25 15:16:03;1987;Active
923003091;Other;2022-04-25 15:01:21;713;Passive
956736855;Other;2022-04-25 14:33:55;1654;Active
468225393;Speaker;2022-04-25 13:58:43;1114;Active
862214590;TV;2022-04-25 13:48:58;216;Passive
505622495;Phone;2022-04-25 13:04:29;1284;Active
467452974;Phone;2022-04-25 12:59:59;918;Active
725762944;TV;2022-04-25 12:25:58;783;Passive
248227201;Speaker;2022-04-25 11:54:41;1821;Active
594674350;Computer;2022-04-25 11:12:48;2191;Active
988197774;Other;2022-04-25 09:54:53;1377;Active
772223811;Speaker;2022-04-25 08:06:34;307;Passive
993115515;TV;2022-04-25 07:48:53;2999;Active
614932735;Other;2022-04-25 07:14:25;1541;Active
377129125;TV;2022-04-25 06:46:19;1120;Active
882587410;TV;2022-04-25 15:42:42;1866;Active
534428290;Speaker;2022-04-24 23:54:52;1653;Active
328860252;Computer;2022-04-24 23:53:35;319;Passive
818732223;Speaker;2022-04-24 23:50:45;2894;Active
721913509;TV;2022-04-24 21:29:03;1162;Active
65099022;Other;2022-04-24 20:48:18;773;Passive
272020717;Other;2022-04-24 20:08:40;17;Passive
383869587;Other;2022-04-24 20:05:16;223;Passive
451069232;TV;2022-04-24 18:37:49;2701;Active
510925632;TV;2022-04-24 18:08:15;638;Passive
254875187;TV;2022-04-24 17:27:25;94;Passive
339962165;Phone;2022-04-24 17:02:40;325;Passive
42583142;TV;2022-04-24 14:35:00;1058;Active
164251654;TV;2022-04-24 14:07:18;993;Active
653082691;TV;2022-04-24 13:04:32;2196;Active
508110467;Speaker;2022-04-24 10:55:46;1023;Active
979341458;Phone;2022-04-24 07:27:08;2254;Active
946159493;Other;2022-04-24 07:18:05;1516;Active
406015290;Other;2022-04-23 23:48:13;139;Passive
271905955;Other;2022-04-23 23:34:02;1039;Active
397956189;Speaker;2022-04-23 22:30:52;878;Active
751228444;Other;2022-04-23 22:22:27;2163;Active
688038885;Speaker;2022-04-23 22:21:07;1992;Active
439500389;Other;2022-04-23 22:07:06;468;Passive
788950697;Computer;2022-04-23 20:52:50;1929;Active
365235752;TV;2022-04-23 20:02:20;1321;Active
987107643;Phone;2022-04-23 19:27:39;744;Passive
418658966;Phone;2022-04-23 16:55:33;1563;Active
353796759;Phone;2022-04-23 14:56:13;1652;Active
919036512;TV;2022-04-23 11:55:23;29;Passive
221238849;Speaker;2022-04-23 11:54:34;258;Passive
790213332;Computer;2022-04-23 11:39:26;2647;Active
722819857;Phone;2022-04-23 11:22:38;182;Passive
417864786;Other;2022-04-23 11:09:41;1238;Active
534913509;Computer;2022-04-23 10:18:31;1726;Active
375338410;Other;2022-04-23 10:08:49;1984;Active
921761252;Computer;2022-04-23 09:33:59;827;Active
749102975;Speaker;2022-04-23 09:03:17;1375;Active
804137501;TV;2022-04-23 08:45:37;1374;Active
289727104;Other;2022-04-23 07:51:40;1200;Active
669696788;Speaker;2022-04-23 06:45:45;2689;Active
592324752;Phone;2022-04-22 23:26:54;1915;Active
942262282;Phone;2022-04-22 22:16:47;1282;Active
62385466;Other;2022-04-22 21:09:47;2663;Active
9310845;Other;2022-04-22 19:54:47;182;Passive
663990778;Computer;2022-04-22 19:47:04;390;Passive
857883474;TV;2022-04-22 17:40:09;553;Passive
662352661;Speaker;2022-04-22 17:23:26;2767;Active
639504419;Computer;2022-04-22 16:53:53;1627;Active
763414227;Phone;2022-04-22 15:53:45;1077;Active
343325483;Computer;2022-04-22 15:42:45;1525;Active
268273406;Speaker;2022-04-22 15:17:12;911;Active
541891251;Phone;2022-04-22 12:29:28;2822;Active
643408657;TV;2022-04-22 12:06:35;257;Passive
864288402;Phone;2022-04-22 11:33:45;711;Passive
888335961;Phone;2022-04-22 11:26:00;1752;Active
102031171;Speaker;2022-04-22 10:20:05;1977;Active
110396361;Computer;2022-04-22 10:04:50;2439;Active
756961084;Speaker;2022-04-22 08:23:16;2055;Active
771457016;Computer;2022-04-22 08:07:08;466;Passive
26904873;TV;2022-04-22 07:08:29;879;Active
277368752;Speaker;2022-04-22 06:58:22;1804;Active
746652954;Speaker;2022-04-22 06:38:50;2989;Active
685840562;TV;2022-04-21 23:35:29;2528;Active
913260235;TV;2022-04-21 22:03:43;1699;Active
555891831;TV;2022-04-21 21:06:37;2780;Active
534027117;Speaker;2022-04-21 20:24:40;2351;Active
44483115;Speaker;2022-04-21 19:28:38;2425;Active
461703043;Other;2022-04-21 18:21:14;1888;Active
857262672;Other;2022-04-21 17:20:23;1080;Active
126871065;Other;2022-04-21 16:52:24;1938;Active
604377532;Phone;2022-04-21 16:32:51;2004;Active
357807096;Phone;2022-04-21 15:17:24;132;Passive
95951708;Other;2022-04-21 14:42:49;1451;Active
874778147;Computer;2022-04-21 13:32:18;1754;Active
209762806;Computer;2022-04-21 09:42:07;1461;Active
923696017;Computer;2022-04-21 09:27:55;1759;Active
608772531;Other;2022-04-21 09:17:12;1709;Active
419276308;Phone;2022-04-21 08:19:20;945;Active
150286827;Other;2022-04-21 08:02:15;2546;Active
556161192;Computer;2022-04-21 07:48:07;1985;Active
129580408;Phone;2022-04-21 07:21:25;2867;Active
267474880;Computer;2022-04-21 07:16:36;153;Passive
975305474;Phone;2022-04-21 06:40:48;1103;Active
529851583;TV;2022-04-20 23:24:16;2244;Active
154032122;Speaker;2022-04-20 22:50:00;892;Active
525808605;Other;2022-04-20 22:03:05;637;Passive
22850189;Phone;2022-04-20 21:39:01;2918;Active
216811491;Other;2022-04-20 20:43:43;614;Passive
886332151;Phone;2022-04-20 20:35:44;2526;Active
629346848;Other;2022-04-20 20:29:21;1029;Active
231956322;Speaker;2022-04-20 20:19:10;2355;Active
756219279;TV;2022-04-20 19:45:31;1709;Active
171203051;Other;2022-04-20 19:19:04;543;Passive
24168616;Other;2022-04-20 17:32:19;2579;Active
399188965;Other;2022-04-20 16:53:12;1175;Active
147888617;Other;2022-04-20 16:35:52;358;Passive
68673253;Computer;2022-04-20 16:28:14;1573;Active
636884488;Phone;2022-04-20 13:07:20;576;Passive
376166236;TV;2022-04-20 13:03:51;1830;Active
655547659;Other;2022-04-20 12:28:22;2110;Active
626039378;TV;2022-04-20 11:37:08;2329;Active
911821729;Speaker;2022-04-20 11:08:03;2878;Active
580199328;Phone;2022-04-20 10:32:00;494;Passive
395596689;Speaker;2022-04-20 10:21:45;423;Passive
447042919;Speaker;2022-04-20 10:04:32;2508;Active
18882773;TV;2022-04-20 09:12:22;2266;Active
953672012;TV;2022-04-20 08:58:29;876;Active
377266919;Speaker;2022-04-20 08:08:09;2038;Active
434943565;Computer;2022-04-20 08:05:50;1599;Active
900973138;Computer;2022-04-20 07:58:16;1634;Active
302842004;TV;2022-04-19 23:16:51;574;Passive
450420087;Computer;2022-04-19 23:12:47;2285;Active
501967700;Speaker;2022-04-19 21:46:37;1885;Active
11788682;TV;2022-04-19 19:33:20;231;Passive
198472424;Other;2022-04-19 17:15:43;2925;Active
398942674;Phone;2022-04-19 15:50:05;2878;Active
616827538;Other;2022-04-19 15:11:49;710;Passive
165582881;TV;2022-04-19 14:31:25;1247;Active
927845923;TV;2022-04-19 12:53:35;1982;Active
174594171;Other;2022-04-19 12:51:58;2197;Active
632513022;Speaker;2022-04-19 12:30:24;2276;Active
401145038;TV;2022-04-19 11:34:22;2959;Active
641700418;TV;2022-04-19 11:33:24;2249;Active
341084450;Computer;2022-04-19 10:59:59;49;Passive
155537093;Phone;2022-04-19 10:56:47;1034;Active
141601390;TV;2022-04-19 10:14:48;597;Passive
198660044;Other;2022-04-19 10:00:16;203;Passive
891019055;Computer;2022-04-19 08:55:55;1285;Active
262997546;TV;2022-04-19 08:18:33;2627;Active
203103203;TV;2022-04-19 07:21:29;2516;Active
255262529;Phone;2022-04-18 22:40:32;201;Passive
342074285;Phone;2022-04-18 21:07:09;1132;Active
8033456;Computer;2022-04-18 19:57:51;1771;Active
295471561;TV;2022-04-18 19:15:21;2317;Active
56698517;Speaker;2022-04-18 17:50:25;144;Passive
734255809;TV;2022-04-18 17:12:46;2082;Active
985598492;Phone;2022-04-18 16:30:07;882;Active
983862350;Computer;2022-04-18 15:35:23;2967;Active
919404766;Computer;2022-04-18 15:14:42;1700;Active
941500743;Phone;2022-04-18 14:23:42;2050;Active
265322263;TV;2022-04-18 13:46:29;2938;Active
901829810;Speaker;2022-04-18 13:00:40;1549;Active
67973425;Speaker;2022-04-18 12:46:54;1653;Active
344592110;TV;2022-04-18 12:30:12;1514;Active
972033466;Phone;2022-04-18 12:04:15;787;Active
847731355;Phone;2022-04-18 11:44:18;1704;Active
247749499;Computer;2022-04-18 11:42:40;1883;Active
904610277;Phone;2022-04-18 10:05:15;78;Passive
293054189;Speaker;2022-04-18 09:45:45;498;Passive
17783284;TV;2022-04-18 09:16:44;173;Passive
990623478;TV;2022-04-18 07:30:28;2547;Active
80813373;Other;2022-04-18 07:03:01;2776;Active
714566008;Computer;2022-04-17 23:47:35;451;Passive
539021575;Other;2022-04-17 23:23:22;930;Active
203580866;Other;2022-04-17 23:14:28;1537;Active
134265401;TV;2022-04-17 23:14:04;875;Active
508278815;TV;2022-04-17 22:51:08;48;Passive
704524730;Phone;2022-04-17 22:35:09;190;Passive
162696514;Computer;2022-04-17 22:18:35;1363;Active
148498959;Computer;2022-04-17 21:11:11;2485;Active
874430568;Speaker;2022-04-17 21:08:01;2107;Active
303211193;Speaker;2022-04-17 20:34:15;2959;Active
10342095;Speaker;2022-04-17 20:28:08;2046;Active
683459778;Computer;2022-04-17 19:40:02;1268;Active
959069181;Other;2022-04-17 19:34:55;546;Passive
703083186;Computer;2022-04-17 19:24:32;2134;Active
779929930;TV;2022-04-17 18:46:20;16;Passive
717672328;Computer;2022-04-17 18:44:15;454;Passive
244215465;TV;2022-04-17 18:24:50;1111;Active
768375614;Phone;2022-04-17 17:42:05;1617;Active
862142612;TV;2022-04-17 17:25:13;1370;Active
977043421;Other;2022-04-17 16:21:34;2443;Active
587896655;Speaker;2022-04-17 15:57:38;2127;Active
118857655;Other;2022-04-17 13:08:51;2406;Active
632011712;Computer;2022-04-17 11:20:40;2972;Active
67804004;Speaker;2022-04-17 11:08:33;947;Active
540689640;Computer;2022-04-17 10:59:23;391;Passive
267111767;Phone;2022-04-17 10:07:08;556;Passive
707794016;TV;2022-04-17 09:41:04;1617;Active
401068794;Speaker;2022-04-17 09:37:32;1252;Active
738467257;Phone;2022-04-17 08:47:29;995;Active
566050187;Speaker;2022-04-17 08:33:54;2749;Active
247505922;Other;2022-04-17 08:09:44;1032;Active
929857660;Speaker;2022-04-17 07:23:10;2412;Active
881956782;TV;2022-04-17 07:08:05;1625;Active
71874932;Speaker;2022-04-16 23:45:24;1431;Active
991574949;Phone;2022-04-16 23:13:56;2423;Active
599261541;Phone;2022-04-16 22:54:52;2213;Active
872778923;Speaker;2022-04-16 21:11:37;2607;Active
963901561;Phone;2022-04-16 18:59:31;1423;Active
489528820;Computer;2022-04-16 18:15:48;334;Passive
661742004;TV;2022-04-16 18:10:42;1036;Active
222168048;Phone;2022-04-16 17:53:13;2851;Active
183308978;Other;2022-04-16 17:40:18;1509;Active
3447151;Other;2022-04-16 17:21:29;568;Passive
283868510;Other;2022-04-16 16:43:41;2666;Active
770791037;Phone;2022-04-16 16:23:43;654;Passive
473283642;Speaker;2022-04-16 16:09:56;2930;Active
396516649;Computer;2022-04-16 15:49:07;558;Passive
194313381;Computer;2022-04-16 15:26:55;2314;Active
733237711;Phone;2022-04-16 15:12:44;221;Passive
905733101;Other;2022-04-16 11:18:29;952;Active
984621940;Computer;2022-04-16 11:18:01;1978;Active
159346031;Speaker;2022-04-16 10:11:05;2213;Active
18636507;Speaker;2022-04-16 07:02:51;676;Passive
815650289;Other;2022-04-15 23:23:02;241;Passive
440743868;Speaker;2022-04-15 23:22:45;856;Active
71951551;TV;2022-04-15 21:59:54;1663;Active
19908733;Phone;2022-04-15 20:31:22;1420;Active
147597639;TV;2022-04-15 20:12:15;1929;Active
302959124;Speaker;2022-04-15 20:10:29;950;Active
471726150;TV;2022-04-15 20:07:15;1961;Active
347207188;TV;2022-04-15 20:04:20;2976;Active
728407540;Other;2022-04-15 19:50:27;948;Active
370783824;Phone;2022-04-15 19:23:19;2272;Active
72541750;Other;2022-04-15 18:45:51;2389;Active
978601712;Speaker;2022-04-15 18:20:29;199;Passive
349015035;Speaker;2022-04-15 15:36:34;36;Passive
166792146;TV;2022-04-15 15:02:30;2302;Active
446808185;Phone;2022-04-15 14:35:57;1785;Active
248294894;Speaker;2022-04-15 13:14:17;1707;Active
873740487;Computer;2022-04-15 11:44:32;1324;Active
980413256;TV;2022-04-15 11:25:57;1045;Active
414423174;Other;2022-04-15 11:16:20;2341;Active
938008759;Other;2022-04-15 10:06:18;1443;Active
624127976;Computer;2022-04-15 09:12:02;1175;Active
839458257;Computer;2022-04-15 09:12:01;632;Passive
365948829;Speaker;2022-04-15 08:56:13;263;Passive
462043628;Computer;2022-04-15 07:24:17;695;Passive
486531601;Computer;2022-04-15 07:03:00;2425;Active
952707827;Other;2022-04-15 06:42:46;310;Passive
717578571;Phone;2022-04-15 06:42:34;1893;Active
48540314;TV;2022-04-14 23:24:46;1633;Active
434716059;Computer;2022-04-14 23:22:57;2592;Active
806164492;Computer;2022-04-14 22:59:36;1165;Active
335680457;Phone;2022-04-14 22:29:56;2319;Active
253649510;TV;2022-04-14 21:49:51;2868;Active
102994470;TV;2022-04-14 21:29:41;2895;Active
294276412;Phone;2022-04-14 21:04:57;2058;Active
361778693;Computer;2022-04-14 20:27:44;283;Passive
217889785;Other;2022-04-14 19:06:46;2588;Active
621569961;Phone;2022-04-14 18:39:21;1134;Active
998263240;Computer;2022-04-14 18:02:02;1514;Active
591957535;Computer;2022-04-14 17:56:25;1246;Active
693660032;Other;2022-04-14 17:31:59;502;Passive
571073129;Speaker;2022-04-14 16:25:01;2249;Active
704762184;TV;2022-04-14 16:10:13;1561;Active
52092191;Phone;2022-04-14 15:16:37;720;Passive
210100340;TV;2022-04-14 14:35:44;2685;Active
80032530;TV;2022-04-14 14:23:59;374;Passive
121937886;TV;2022-04-14 14:02:42;689;Passive
873319779;Speaker;2022-04-14 12:18:53;961;Active
683321589;Computer;2022-04-14 11:24:38;2450;Active
74591444;Speaker;2022-04-14 11:15:08;2001;Active
816365933;Computer;2022-04-14 10:30:35;1493;Active
616715555;Phone;2022-04-14 10:25:00;2633;Active
960199949;Other;2022-04-14 09:50:48;1515;Active
485640302;Computer;2022-04-14 09:35:37;1529;Active
336971620;Speaker;2022-04-14 08:57:01;2685;Active
139454543;Speaker;2022-04-13 23:59:14;1048;Active
20617610;Other;2022-04-13 23:57:30;2487;Active
843168516;Computer;2022-04-13 23:52:37;1493;Active
495025560;Computer;2022-04-13 23:34:21;2945;Active
496984203;Speaker;2022-04-13 22:03:17;1073;Active
576381116;Other;2022-04-13 20:32:28;1793;Active
404683993;Other;2022-04-13 20:04:24;1855;Active
124997567;Phone;2022-04-13 19:51:23;2005;Active
275184402;Computer;2022-04-13 18:41:18;2361;Active
459247613;Speaker;2022-04-13 18:37:18;234;Passive
995445849;TV;2022-04-13 18:01:49;1733;Active
541816943;Other;2022-04-13 17:23:36;2546;Active
985646693;Computer;2022-04-13 16:36:03;2638;Active
956746379;Phone;2022-04-13 16:31:35;1439;Active
477958375;Phone;2022-04-13 15:11:50;2587;Active
711344570;Other;2022-04-13 14:03:45;496;Passive
686030637;Phone;2022-04-13 14:01:51;2170;Active
664022642;Speaker;2022-04-13 12:58:36;2138;Active
448797281;TV;2022-04-13 12:44:55;967;Active
188230269;Phone;2022-04-13 12:19:48;2002;Active
484166676;Other;2022-04-13 11:53:50;1339;Active
199981961;Phone;2022-04-13 11:51:33;1617;Active
960350296;TV;2022-04-13 11:43:38;2978;Active
4389339;Computer;2022-04-13 10:58:31;1517;Active
380010890;Speaker;2022-04-13 10:55:29;2205;Active
312912638;Computer;2022-04-13 10:53:02;2594;Active
792822880;Phone;2022-04-13 10:31:54;2195;Active
879498160;Speaker;2022-04-13 10:27:40;2374;Active
357344356;Other;2022-04-13 08:36:31;143;Passive
581979244;Other;2022-04-13 08:27:27;1014;Active
338324807;Phone;2022-04-13 07:48:09;103;Passive
507234379;Computer;2022-04-13 07:32:05;1186;Active
204263606;Other;2022-04-13 07:12:02;1425;Active
974386238;Phone;2022-04-12 23:41:10;2448;Active
230375576;TV;2022-04-12 22:48:23;1584;Active
144611730;Speaker;2022-04-12 22:20:43;1639;Active
224011102;Speaker;2022-04-12 21:24:09;1147;Active
862839536;Computer;2022-04-12 20:50:31;924;Active
44528972;Speaker;2022-04-12 20:07:04;284;Passive
417898104;Phone;2022-04-12 19:22:44;1439;Active
926818816;Computer;2022-04-12 18:23:05;507;Passive
503790625;Phone;2022-04-12 17:39:30;531;Passive
129025811;TV;2022-04-12 16:43:42;981;Active
277158568;Speaker;2022-04-12 16:12:55;1307;Active
645852063;Other;2022-04-12 14:34:49;784;Active
492667348;TV;2022-04-12 14:22:48;1876;Active
584496248;Phone;2022-04-12 12:55:51;2269;Active
424402023;TV;2022-04-12 12:50:03;493;Passive
111512968;Speaker;2022-04-12 12:48:18;2167;Active
585457109;Computer;2022-04-12 12:48:15;1015;Active
875988795;Speaker;2022-04-12 11:36:12;962;Active
185169681;Computer;2022-04-12 11:04:05;1585;Active
689594056;Speaker;2022-04-12 09:04:59;2126;Active
409038682;Computer;2022-04-12 08:41:10;1542;Active
228782611;Phone;2022-04-12 07:46:13;2137;Active
863640267;Other;2022-04-12 07:25:48;1134;Active
621082382;Other;2022-04-12 06:55:05;457;Passive
149232140;Computer;2022-04-11 22:54:50;577;Passive
883302730;TV;2022-04-11 22:12:01;2854;Active
519074915;Speaker;2022-04-11 21:03:06;1364;Active
788398182;Phone;2022-04-11 21:00:15;2103;Active
425005632;Computer;2022-04-11 19:49:35;1460;Active
637935801;TV;2022-04-11 19:25:50;796;Active
55864247;Other;2022-04-11 17:50:00;772;Passive
140229278;Speaker;2022-04-11 17:11:54;1125;Active
841337997;Other;2022-04-11 16:54:58;1869;Active
636025811;Computer;2022-04-11 15:24:59;2572;Active
648525561;Other;2022-04-11 15:03:09;501;Passive
749401190;TV;2022-04-11 14:36:17;2003;Active
215246042;Speaker;2022-04-11 14:16:28;2164;Active
27851618;Computer;2022-04-11 14:08:22;1348;Active
931159852;Other;2022-04-11 13:49:22;504;Passive
736138994;Speaker;2022-04-11 12:42:13;166;Passive
283948341;Phone;2022-04-11 11:14:42;1905;Active
242986708;Other;2022-04-11 11:13:43;600;Passive
53038723;Phone;2022-04-11 11:11:42;2484;Active
842394083;Computer;2022-04-11 11:00:43;922;Active
253878549;Computer;2022-04-11 07:37:39;1027;Active
13086686;TV;2022-04-10 23:54:02;1608;Active
24345712;Phone;2022-04-10 23:30:13;2866;Active
828829582;Speaker;2022-04-10 22:27:35;521;Passive
768339446;TV;2022-04-10 21:18:31;2840;Active
807777862;Phone;2022-04-10 21:06:06;569;Passive
681092090;Other;2022-04-10 19:37:22;2789;Active
238638953;Phone;2022-04-10 19:33:00;419;Passive
74567910;Computer;2022-04-10 19:10:16;1201;Active
156946386;Other;2022-04-10 17:53:37;1098;Active
289781578;TV;2022-04-10 16:32:08;714;Passive
69486540;Speaker;2022-04-10 15:25:08;558;Passive
442362619;Other;2022-04-10 14:57:52;46;Passive
963891081;Phone;2022-04-10 14:30:18;2056;Active
984422638;Other;2022-04-10 14:18:12;966;Active
339307104;Phone;2022-04-10 12:46:24;1261;Active
149550806;Speaker;2022-04-10 11:42:22;396;Passive
823107932;TV;2022-04-10 11:34:59;1628;Active
396423798;Other;2022-04-10 07:41:34;2403;Active
359121488;TV;2022-04-10 06:31:24;1322;Active
370693848;Phone;2022-04-09 23:05:02;2353;Active
500436012;Computer;2022-04-09 22:23:27;1336;Active
451171231;TV;2022-04-09 22:07:34;2683;Active
800086144;Speaker;2022-04-09 21:59:32;200;Passive
400708104;Speaker;2022-04-09 21:43:19;658;Passive
495822242;TV;2022-04-09 20:49:24;121;Passive
836687343;Speaker;2022-04-09 20:49:06;1445;Active
436138241;Phone;2022-04-09 20:30:03;939;Active
13548536;TV;2022-04-09 18:48:16;2562;Active
974502534;Computer;2022-04-09 18:44:38;1029;Active
373903699;Speaker;2022-04-09 18:44:34;1198;Active
279135392;Phone;2022-04-09 17:19:03;1096;Active
125085779;Phone;2022-04-09 16:39:22;2549;Active
26918204;Phone;2022-04-09 14:20:10;1219;Active
558997987;Other;2022-04-09 13:52:16;2517;Active
226157810;Speaker;2022-04-09 12:38:21;1960;Active
141907511;Speaker;2022-04-09 11:39:49;819;Active
823473191;Speaker;2022-04-09 10:40:15;1938;Active
997522247;Phone;2022-04-09 10:35:52;132;Passive
140624525;Computer;2022-04-09 09:00:01;1073;Active
77926818;Phone;2022-04-09 08:37:39;2268;Active
715134737;Computer;2022-04-09 08:24:23;1579;Active
254167373;Speaker;2022-04-09 07:11:39;373;Passive
895222173;Computer;2022-04-09 07:08:03;1870;Active
339437168;TV;2022-04-09 06:39:35;2102;Active
217115309;Computer;2022-04-08 23:45:57;218;Passive
119139771;TV;2022-04-08 22:19:03;1211;Active
426871114;Speaker;2022-04-08 22:12:37;1362;Active
998707441;Other;2022-04-08 22:11:05;2271;Active
174080525;TV;2022-04-08 19:59:37;545;Passive
532269703;Computer;2022-04-08 17:13:38;1590;Active
473852607;Speaker;2022-04-08 16:25:19;1373;Active
688609029;Phone;2022-04-08 15:58:28;877;Active
259916052;TV;2022-04-08 15:03:24;605;Passive
798457083;Speaker;2022-04-08 14:59:48;523;Passive
71839128;TV;2022-04-08 14:55:39;623;Passive
307526636;Phone;2022-04-08 14:04:54;1969;Active
815126643;Computer;2022-04-08 13:37:40;1063;Active
656329062;TV;2022-04-08 13:02:38;1819;Active
617584700;TV;2022-04-08 12:40:45;980;Active
497759132;TV;2022-04-08 10:36:52;2740;Active
348352078;Speaker;2022-04-08 07:58:15;1104;Active
723768263;Computer;2022-04-08 07:38:51;1078;Active
213437514;Speaker;2022-04-08 07:09:37;1330;Active
91343023;Other;2022-04-08 07:08:23;270;Passive
527416995;Other;2022-04-08 07:07:43;2533;Active
721530686;TV;2022-04-08 06:46:11;2197;Active
699718601;Computer;2022-04-08 06:32:41;903;Active
408816538;Phone;2022-04-07 21:43:52;798;Active
231831822;Computer;2022-04-07 20:16:47;2968;Active
478859384;Speaker;2022-04-07 19:49:32;753;Passive
699226819;TV;2022-04-07 18:30:29;1405;Active
694390352;Phone;2022-04-07 18:25:48;1762;Active
516281275;Other;2022-04-07 18:03:09;2495;Active
520078824;Speaker;2022-04-07 17:37:57;2187;Active
947548667;Other;2022-04-07 16:39:20;740;Passive
216417252;TV;2022-04-07 16:35:21;165;Passive
230307882;TV;2022-04-07 16:06:52;912;Active
373769414;Other;2022-04-07 15:34:53;2470;Active
196260247;Phone;2022-04-07 15:18:36;2809;Active
397439339;TV;2022-04-07 14:57:08;1195;Active
917704158;Phone;2022-04-07 13:42:45;2306;Active
801356995;TV;2022-04-07 13:03:49;2632;Active
233089153;Other;2022-04-07 12:47:28;1010;Active
555234612;Phone;2022-04-07 12:30:10;2264;Active
843648512;Phone;2022-04-07 11:59:52;136;Passive
804530441;Other;2022-04-07 11:40:27;1645;Active
999871496;Speaker;2022-04-07 10:58:24;1188;Active
459269871;Speaker;2022-04-07 10:50:29;821;Active
952667639;Other;2022-04-07 09:16:18;440;Passive
551759263;Computer;2022-04-07 08:56:57;2882;Active
69929346;Computer;2022-04-07 08:42:09;1610;Active
365593342;Phone;2022-04-07 07:52:49;556;Passive
669047397;TV;2022-04-07 06:46:04;2916;Active
837745399;Computer;2022-04-06 23:51:53;450;Passive
828148240;Phone;2022-04-06 23:47:47;978;Active
259935231;TV;2022-04-06 23:14:41;2403;Active
817276048;TV;2022-04-06 22:54:00;105;Passive
216981002;Speaker;2022-04-06 21:35:04;1298;Active
553447080;TV;2022-04-06 19:39:24;2423;Active
85352390;TV;2022-04-06 19:23:19;124;Passive
946609805;Computer;2022-04-06 19:15:45;2990;Active
946011921;TV;2022-04-06 18:40:49;326;Passive
419220820;TV;2022-04-06 18:15:52;2483;Active
802551252;TV;2022-04-06 18:12:28;1806;Active
228441648;Computer;2022-04-06 18:00:12;2482;Active
748035125;Computer;2022-04-06 17:57:49;1089;Active
563833498;Speaker;2022-04-06 16:55:02;1239;Active
861364097;Computer;2022-04-06 16:38:09;1661;Active
896948144;TV;2022-04-06 15:53:25;734;Passive
217008594;Computer;2022-04-06 15:15:55;2051;Active
855253726;Computer;2022-04-06 14:57:08;1532;Active
666026707;Other;2022-04-06 14:37:29;1186;Active
780601671;Phone;2022-04-06 14:01:58;132;Passive
869000122;Computer;2022-04-06 13:30:38;2066;Active
244725266;Computer;2022-04-06 13:14:41;128;Passive
756935350;TV;2022-04-06 11:59:57;774;Passive
515185928;Computer;2022-04-06 11:52:19;2117;Active
594499752;Other;2022-04-06 11:36:52;966;Active
260859580;Other;2022-04-06 11:11:56;989;Active
941660228;Computer;2022-04-06 10:37:24;2704;Active
792503115;Phone;2022-04-06 09:28:51;1134;Active
355500516;TV;2022-04-06 09:10:34;2254;Active
957582236;Computer;2022-04-06 08:29:04;1615;Active
189285866;Speaker;2022-04-06 08:26:32;1469;Active
276078267;Other;2022-04-06 07:57:07;248;Passive
219414017;TV;2022-04-05 23:56:40;130;Passive
111342082;TV;2022-04-05 20:50:25;2012;Active
384907130;Speaker;2022-04-05 18:52:21;1902;Active
639833332;Computer;2022-04-05 18:50:42;76;Passive
25161876;Other;2022-04-05 18:17:38;2519;Active
452363828;Computer;2022-04-05 16:42:22;2498;Active
578059367;Other;2022-04-05 16:41:43;1462;Active
687686402;Other;2022-04-05 15:24:51;1844;Active
396410463;TV;2022-04-05 15:22:13;2979;Active
623293771;TV;2022-04-05 15:15:11;738;Passive
158189801;TV;2022-04-05 14:59:10;1749;Active
933661909;Other;2022-04-05 14:52:59;190;Passive
187680401;Speaker;2022-04-05 14:52:04;656;Passive
480810955;Speaker;2022-04-05 14:37:57;372;Passive
273568508;Phone;2022-04-05 13:58:21;1584;Active
960797756;Speaker;2022-04-05 13:29:25;2404;Active
666226257;Other;2022-04-05 12:29:57;260;Passive
748827442;Computer;2022-04-05 12:11:46;1864;Active
566559266;Speaker;2022-04-05 12:09:48;2550;Active
269300180;Speaker;2022-04-05 11:53:17;2934;Active
155373869;TV;2022-04-05 11:14:10;597;Passive
937671162;Computer;2022-04-05 09:35:10;454;Passive
211857220;Other;2022-04-05 09:30:34;2471;Active
122953960;Speaker;2022-04-05 08:51:36;2132;Active
614732078;Computer;2022-04-05 08:17:06;161;Passive
795181545;Phone;2022-04-05 07:49:10;814;Active
735963878;Speaker;2022-04-05 06:33:17;1936;Active
307788041;Other;2022-04-04 23:40:05;515;Passive
160523449;TV;2022-04-04 22:19:18;880;Active
669936347;Computer;2022-04-04 21:16:58;1203;Active
430416152;TV;2022-04-04 20:59:54;493;Passive
39559750;Computer;2022-04-04 20:19:51;2776;Active
343184816;Phone;2022-04-04 20:09:06;1767;Active
9886340;TV;2022-04-04 20:01:59;2586;Active
960208648;Speaker;2022-04-04 19:55:39;2624;Active
366840777;Speaker;2022-04-04 18:40:01;704;Passive
83761471;Computer;2022-04-04 18:03:41;2439;Active
611854985;TV;2022-04-04 17:33:29;1932;Active
553782726;Phone;2022-04-04 16:56:50;1247;Active
954902801;Speaker;2022-04-04 16:36:04;1656;Active
965747501;Speaker;2022-04-04 16:05:41;2029;Active
463179988;Phone;2022-04-04 15:57:51;1744;Active
589560708;Other;2022-04-04 15:39:56;2701;Active
637221853;Speaker;2022-04-04 14:36:52;1368;Active
6084985;TV;2022-04-04 12:33:28;905;Active
377701341;TV;2022-04-04 11:44:51;1293;Active
899061049;Other;2022-04-04 11:44:32;994;Active
307666579;Phone;2022-04-04 11:33:44;816;Active
956375687;Other;2022-04-04 11:16:36;3;Passive
67866445;Speaker;2022-04-04 11:03:03;2681;Active
253176428;Phone;2022-04-04 10:40:22;1917;Active
594390138;Computer;2022-04-04 10:37:53;1092;Active
166854391;TV;2022-04-04 09:25:43;441;Passive
340975288;Speaker;2022-04-04 07:56:41;2940;Active
756772523;Phone;2022-04-04 06:53:13;2421;Active
305552796;Computer;2022-04-03 23:57:39;297;Passive
570448451;Computer;2022-04-03 22:54:28;2516;Active
586675997;Other;2022-04-03 22:28:10;1895;Active
134508806;Speaker;2022-04-03 22:26:35;1423;Active
828052971;Other;2022-04-03 20:40:15;1376;Active
906697880;Computer;2022-04-03 19:52:37;992;Active
601653098;Other;2022-04-03 19:42:22;2896;Active
866711771;Speaker;2022-04-03 19:09:49;885;Active
743591438;Phone;2022-04-03 18:57:27;2737;Active
720194250;TV;2022-04-03 16:51:04;2647;Active
182701183;Speaker;2022-04-03 16:17:32;2058;Active
666935856;Phone;2022-04-03 15:07:43;78;Passive
818236047;TV;2022-04-03 15:03:54;137;Passive
858986723;Other;2022-04-03 14:50:48;1091;Active
402865349;Phone;2022-04-03 13:15:43;12;Passive
524604848;Speaker;2022-04-03 12:35:34;1943;Active
934095962;TV;2022-04-03 10:55:01;2014;Active
42962509;Phone;2022-04-03 10:32:31;1599;Active
141647369;Computer;2022-04-03 10:23:14;2684;Active
436671297;Phone;2022-04-03 09:54:11;687;Passive
974649130;TV;2022-04-03 08:56:37;1622;Active
990177146;TV;2022-04-03 08:49:44;2849;Active
880408764;TV;2022-04-03 08:27:01;2777;Active
289449109;Phone;2022-04-03 08:24:02;190;Passive
642356724;Other;2022-04-02 23:22:00;225;Passive
297472527;Speaker;2022-04-02 23:08:14;2835;Active
423366699;Speaker;2022-04-02 21:41:28;2101;Active
298985026;Computer;2022-04-02 21:12:56;805;Active
289850216;Computer;2022-04-02 20:40:27;970;Active
863117117;Computer;2022-04-02 19:23:39;2415;Active
594154944;Other;2022-04-02 19:23:36;639;Passive
433088709;Speaker;2022-04-02 18:40:11;1692;Active
222851189;Other;2022-04-02 18:11:39;784;Passive
412553266;Phone;2022-04-02 18:09:15;276;Passive
375035321;Computer;2022-04-02 17:55:19;1778;Active
408647145;TV;2022-04-02 17:34:48;1115;Active
879601499;Computer;2022-04-02 17:17:07;2168;Active
354697245;Other;2022-04-02 17:11:29;289;Passive
242889844;Phone;2022-04-02 16:20:49;1308;Active
342032350;Other;2022-04-02 15:27:34;1706;Active
498690990;Other;2022-04-02 14:25:45;1469;Active
967051613;Other;2022-04-02 14:05:12;2577;Active
388786285;Phone;2022-04-02 14:01:38;2914;Active
470175393;Other;2022-04-02 13:25:42;720;Passive
892157036;TV;2022-04-02 13:08:25;1078;Active
700356097;Speaker;2022-04-02 12:34:21;1527;Active
767117263;Computer;2022-04-02 11:55:50;1110;Active
33426806;Speaker;2022-04-02 11:35:46;897;Active
972232501;Other;2022-04-02 10:11:22;2869;Active
459984666;Speaker;2022-04-02 09:10:23;2160;Active
637895323;Other;2022-04-02 08:25:54;2003;Active
593613711;Phone;2022-04-02 08:18:05;1132;Active
722089773;TV;2022-04-01 23:52:55;1980;Active
921406779;Computer;2022-04-01 23:07:57;2797;Active
890196048;Other;2022-04-01 22:46:10;1167;Active
978026240;Phone;2022-04-01 21:52:35;2441;Active
996825679;Phone;2022-04-01 21:45:11;1501;Active
144295829;Other;2022-04-01 21:17:08;2395;Active
567399388;TV;2022-04-01 20:20:32;2740;Active
914795419;Speaker;2022-04-01 19:14:34;1223;Active
399031337;Computer;2022-04-01 18:40:18;782;Passive
52291083;TV;2022-04-01 17:33:27;2905;Active
342467523;Computer;2022-04-01 17:28:54;491;Passive
794358190;Speaker;2022-04-01 17:26:27;2179;Active
526659966;Phone;2022-04-01 15:46:35;451;Passive
911757627;Phone;2022-04-01 14:12:40;817;Active
306001797;Phone;2022-04-01 12:41:06;1284;Active
863453611;Other;2022-04-01 12:22:39;323;Passive
873277958;Phone;2022-04-01 12:17:39;2557;Active
564065232;TV;2022-04-01 10:28:27;2996;Active
912655763;Computer;2022-04-01 10:25:16;1823;Active
741683438;Speaker;2022-04-01 09:48:58;2099;Active
553356795;TV;2022-04-01 09:29:19;2322;Active
459116626;Other;2022-04-01 09:08:30;1763;Active
949667346;TV;2022-04-01 08:33:24;2788;Active
322184056;TV;2022-04-01 07:39:45;1649;Active
381260272;TV;2022-04-01 07:03:02;715;Passive
697610308;Speaker;2022-04-30 20:02:26;2178;Active
796260864;Computer;2022-04-30 20:01:13;1964;Active
633873394;Computer;2022-04-30 20:00:57;359;Passive
666803724;Phone;2022-04-30 20:00:45;2177;Active
100883282;Phone;2022-04-30 15:24:13;190;Passive
351743431;Speaker;2022-04-30 14:25:49;1084;Active
68375529;Phone;2022-04-30 14:06:51;1393;Active
211437870;TV;2022-04-30 13:32:18;108;Passive
139919333;TV;2022-04-30 12:20:04;778;Passive
468551977;Computer;2022-04-30 12:09:23;620;Passive
685006265;Speaker;2022-04-30 10:46:20;1845;Active
913513327;Other;2022-04-30 10:06:22;2917;Active
762170357;Other;2022-04-29 14:54:40;1689;Active
141798011;TV;2022-04-29 14:26:00;282;Passive
261916301;Other;2022-04-29 14:16:39;1314;Active
683071407;Speaker;2022-04-29 14:14:32;1976;Active
907707349;Phone;2022-04-29 14:04:25;1424;Active
867661977;Other;2022-04-29 13:25:32;1350;Active
652198458;Other;2022-04-29 11:31:37;2692;Active
777586525;Other;2022-04-29 10:30:29;2417;Active
749518856;TV;2022-04-28 15:24:05;1455;Active
509298719;Computer;2022-04-28 15:06:40;1793;Active
534881145;Other;2022-04-28 15:01:05;2833;Active
974318620;Computer;2022-04-28 14:54:53;859;Active
268709308;TV;2022-04-28 14:48:02;283;Passive
419242915;Computer;2022-04-28 14:04:12;2587;Active
911765852;Computer;2022-04-28 12:58:25;2945;Active
806339932;Phone;2022-04-28 12:48:13;2462;Active
14626472;Computer;2022-04-28 12:40:17;2211;Active
507938670;TV;2022-04-28 12:05:13;1335;Active
543258949;TV;2022-04-28 11:30:00;1263;Active
602292805;Phone;2022-04-28 11:05:43;2377;Active
298001419;Phone;2022-04-27 21:07:04;2867;Active
252708898;Other;2022-04-27 15:59:25;1049;Active
888775036;Speaker;2022-04-27 15:43:00;2873;Active
692547888;TV;2022-04-27 15:34:51;1715;Active
194761646;Computer;2022-04-27 15:29:18;2823;Active
656363778;Computer;2022-04-27 14:53:44;330;Passive
773314597;Phone;2022-04-27 14:31:33;1960;Active
310889330;Computer;2022-04-27 14:19:11;773;Passive
42759283;Other;2022-04-27 13:34:27;2784;Active
55338541;Computer;2022-04-27 13:22:17;1003;Active
40468581;TV;2022-04-27 13:03:49;1346;Active
622401028;Phone;2022-04-26 22:12:47;931;Active
78948560;Phone;2022-04-26 21:25:34;1942;Active
502097586;TV;2022-04-26 21:04:50;2011;Active
300152006;Phone;2022-04-26 20:56:39;2691;Active
59850920;Phone;2022-04-26 20:10:34;2376;Active
17199056;Speaker;2022-04-26 17:59:36;1733;Active
160434500;Phone;2022-04-26 14:18:26;1554;Active
753606153;Computer;2022-04-26 13:25:12;2872;Active
768934643;Speaker;2022-04-25 23:38:21;358;Passive
853327044;Phone;2022-04-25 13:25:08;20;Passive
972718488;Speaker;2022-04-25 13:04:51;339;Passive
812376783;Other;2022-04-25 12:48:48;2649;Active
965087026;Phone;2022-04-25 12:16:49;1725;Active
918604843;Other;2022-04-24 20:48:41;2925;Active
857244835;TV;2022-04-24 15:59:22;1295;Active
589502376;Speaker;2022-04-24 15:29:56;1361;Active
373985397;Phone;2022-04-24 15:17:16;2001;Active
927738685;Computer;2022-04-24 15:05:59;632;Passive
545939776;Phone;2022-04-24 14:34:45;149;Passive
691842110;TV;2022-04-24 14:07:54;1573;Active
193211238;TV;2022-04-24 13:46:50;371;Passive
903169484;Speaker;2022-04-24 13:26:37;203;Passive
923138381;Computer;2022-04-24 11:02:56;1175;Active
643880287;Speaker;2022-04-23 16:04:47;1514;Active
312509412;TV;2022-04-23 15:03:59;1475;Active
568944736;Computer;2022-04-23 13:57:10;1451;Active
60676596;Other;2022-04-23 11:25:23;247;Passive
36726416;TV;2022-04-22 21:10:32;1460;Active
612469893;TV;2022-04-22 16:01:25;2750;Active
807550973;Other;2022-04-22 15:22:41;2492;Active
167842385;Speaker;2022-04-22 15:07:50;1728;Active
614766784;Other;2022-04-22 14:52:58;363;Passive
969275415;Speaker;2022-04-22 14:44:55;2355;Active
448760834;Computer;2022-04-22 14:24:39;54;Passive
833093691;TV;2022-04-22 14:07:43;730;Passive
600558283;Phone;2022-04-22 13:53:24;826;Active
284302585;Computer;2022-04-22 13:33:27;629;Passive
143635223;Phone;2022-04-22 13:31:08;2922;Active
582592056;Other;2022-04-22 12:09:00;1636;Active
619966090;TV;2022-04-22 10:05:31;2282;Active
990603537;Speaker;2022-04-22 09:06:17;181;Passive
198232634;TV;2022-04-21 20:37:29;2830;Active
847091671;Other;2022-04-21 16:21:42;2716;Active
484582400;Other;2022-04-21 15:41:26;1551;Active
999575230;TV;2022-04-21 14:56:36;553;Passive
523326945;TV;2022-04-21 14:46:40;1389;Active
796577262;TV;2022-04-21 14:10:12;1062;Active
951296364;Other;2022-04-21 12:52:09;2972;Active
686340780;Other;2022-04-21 12:31:46;1149;Active
34853097;Phone;2022-04-21 12:24:49;2024;Active
598268722;Speaker;2022-04-21 12:10:36;1580;Active
866472759;Phone;2022-04-21 11:49:19;97;Passive
651155204;Computer;2022-04-21 11:29:34;906;Active
821154666;TV;2022-04-21 10:28:21;2266;Active
776456364;Other;2022-04-20 20:54:20;1304;Active
526457870;Other;2022-04-20 15:40:08;2816;Active
760816034;Phone;2022-04-20 15:35:53;2652;Active
617275718;Computer;2022-04-20 14:54:40;837;Active
428420535;TV;2022-04-20 13:21:21;954;Active
756602835;Other;2022-04-20 10:57:22;2166;Active
759615251;Speaker;2022-04-19 16:27:46;52;Passive
586961172;TV;2022-04-19 16:05:58;2156;Active
134213768;TV;2022-04-19 15:11:41;347;Passive
613353803;Speaker;2022-04-19 13:50:02;841;Active
661270027;TV;2022-04-19 12:23:58;1732;Active
49076254;Computer;2022-04-18 20:18:56;2614;Active
250786146;Speaker;2022-04-18 16:08:22;2203;Active
336858065;Computer;2022-04-18 16:04:12;919;Active
514482091;Computer;2022-04-18 16:01:35;2278;Active
269684746;Computer;2022-04-18 13:20:52;1559;Active
362374177;Speaker;2022-04-18 13:20:17;1471;Active
661651814;Speaker;2022-04-18 12:51:34;2367;Active
980300266;Other;2022-04-18 12:36:16;2576;Active
38436030;Other;2022-04-18 12:33:29;332;Passive
552149394;Other;2022-04-18 10:09:28;1065;Active
104414431;Speaker;2022-04-17 21:08:15;2284;Active
35302611;Speaker;2022-04-17 16:29:35;525;Passive
990371782;TV;2022-04-17 15:34:24;1829;Active
478018387;Computer;2022-04-17 15:29:23;1901;Active
960397804;Phone;2022-04-17 14:08:35;1443;Active
547031547;TV;2022-04-17 12:39:58;747;Passive
337487;Phone;2022-04-17 12:15:12;2861;Active
368229507;TV;2022-04-16 21:34:29;1460;Active
930347415;Computer;2022-04-16 20:38:30;342;Passive
404408330;Speaker;2022-04-16 15:36:43;1049;Active
74926189;Computer;2022-04-16 14:48:24;714;Passive
694986779;TV;2022-04-16 14:39:21;471;Passive
117312801;Computer;2022-04-16 14:27:44;877;Active
449812093;TV;2022-04-16 13:57:06;2460;Active
214717142;Computer;2022-04-16 12:05:22;1311;Active
89038182;Computer;2022-04-16 11:29:37;607;Passive
344255831;Phone;2022-04-16 10:36:44;2024;Active
125837004;TV;2022-04-15 21:45:07;891;Active
402705853;Other;2022-04-15 20:40:48;1230;Active
873796672;TV;2022-04-15 20:29:38;2999;Active
376130645;Speaker;2022-04-15 15:44:59;886;Active
669690271;Computer;2022-04-15 15:39:52;919;Active
201730462;TV;2022-04-15 12:52:01;2236;Active
102648355;TV;2022-04-15 12:28:58;871;Active
890302431;Other;2022-04-15 11:14:32;1216;Active
673975084;Other;2022-04-15 11:08:38;395;Passive
982293134;Phone;2022-04-14 21:47:05;177;Passive
467562437;TV;2022-04-14 16:22:16;2230;Active
4316818;TV;2022-04-14 16:04:50;899;Active
164402216;Other;2022-04-14 15:48:59;2498;Active
768053101;Other;2022-04-14 14:52:03;515;Passive
799513676;Speaker;2022-04-14 14:44:51;2600;Active
878738297;Speaker;2022-04-14 14:13:52;1239;Active
999532930;Phone;2022-04-14 13:55:57;2875;Active
311416655;Computer;2022-04-14 12:47:08;1758;Active
524703299;Speaker;2022-04-13 16:11:47;2147;Active
619326794;Computer;2022-04-13 16:02:42;1625;Active
493922861;Phone;2022-04-13 15:57:58;2689;Active
605167973;Speaker;2022-04-13 15:04:56;1597;Active
899165411;Computer;2022-04-13 14:21:50;1690;Active
284289675;Other;2022-04-13 13:57:25;693;Passive
213896038;TV;2022-04-13 13:51:47;1236;Active
281815302;Phone;2022-04-13 13:12:32;647;Passive
920568943;TV;2022-04-13 13:00:03;209;Passive
181983567;TV;2022-04-13 12:19:52;2725;Active
913394935;Speaker;2022-04-13 12:04:13;1625;Active
559110494;TV;2022-04-13 11:55:09;2136;Active
584896654;Other;2022-04-13 11:40:34;403;Passive
795224264;Computer;2022-04-12 21:01:00;1067;Active
269314202;Speaker;2022-04-12 16:20:38;1403;Active
884430713;Phone;2022-04-12 15:47:14;578;Passive
608913569;Other;2022-04-12 15:03:14;1528;Active
904282571;Speaker;2022-04-12 14:26:19;2115;Active
51688582;Computer;2022-04-12 13:51:29;937;Active
459895231;TV;2022-04-12 13:22:18;473;Passive
5740243;TV;2022-04-12 10:46:23;321;Passive
841905489;Speaker;2022-04-12 10:28:43;523;Passive
540377833;Speaker;2022-04-11 21:35:52;2574;Active
296700118;Speaker;2022-04-11 20:32:47;621;Passive
507305147;Other;2022-04-11 16:51:02;1929;Active
89476246;Speaker;2022-04-11 15:41:40;2104;Active
69342363;Phone;2022-04-11 12:13:16;668;Passive
687474730;Computer;2022-04-10 20:19:01;2142;Active
248357847;Computer;2022-04-10 16:11:51;2843;Active
764725465;TV;2022-04-10 16:00:22;1935;Active
144537506;Other;2022-04-10 15:27:36;182;Passive
424707325;Computer;2022-04-10 14:43:37;1510;Active
164674231;Other;2022-04-10 13:38:46;1037;Active
148383172;Phone;2022-04-10 13:18:56;927;Active
353641295;Speaker;2022-04-10 12:03:08;1025;Active
826324505;TV;2022-04-10 11:44:34;2869;Active
862786059;Speaker;2022-04-10 10:36:02;2489;Active
768116618;Computer;2022-04-09 15:57:29;242;Passive
738310907;Speaker;2022-04-09 14:14:37;2000;Active
981748681;Phone;2022-04-09 13:58:09;2444;Active
510250048;Computer;2022-04-08 21:42:19;1745;Active
855153513;TV;2022-04-08 14:19:55;2956;Active
771413557;Other;2022-04-08 14:04:01;1841;Active
66335525;Other;2022-04-08 14:01:41;107;Passive
886742698;Phone;2022-04-08 13:10:57;2254;Active
576486932;Speaker;2022-04-08 12:32:55;2790;Active
192854697;Computer;2022-04-08 10:54:53;2815;Active
382354647;TV;2022-04-08 10:20:00;1400;Active
399307569;Phone;2022-04-07 21:15:47;596;Passive
905593479;Phone;2022-04-07 20:07:02;2681;Active
194797469;Other;2022-04-07 16:02:43;2373;Active
341114587;Computer;2022-04-07 16:00:01;436;Passive
434386055;Phone;2022-04-07 15:21:46;63;Passive
306748801;TV;2022-04-07 14:55:53;2672;Active
16451881;Other;2022-04-07 13:49:44;670;Passive
915430877;Computer;2022-04-07 12:26:57;2444;Active
906481604;TV;2022-04-07 12:02:29;2742;Active
622664173;Computer;2022-04-07 10:23:42;1230;Active
205336400;Speaker;2022-04-06 14:59:00;2077;Active
792054797;Other;2022-04-06 14:41:51;73;Passive
665224944;Speaker;2022-04-06 13:52:43;232;Passive
710757490;Phone;2022-04-06 13:22:45;2376;Active
36159857;Other;2022-04-06 13:10:02;944;Active
163635082;TV;2022-04-06 13:02:15;2954;Active
797070211;Computer;2022-04-06 12:40:24;1752;Active
127928386;TV;2022-04-06 12:22:34;2528;Active
348273350;Computer;2022-04-06 12:13:04;2380;Active
365497582;TV;2022-04-06 12:00:46;1054;Active
142716539;Phone;2022-04-06 10:10:56;1251;Active
588737122;TV;2022-04-05 21:02:37;514;Passive
941354762;Phone;2022-04-05 20:28:42;1899;Active
212421055;Other;2022-04-05 14:51:12;24;Passive
727848180;TV;2022-04-05 14:46:46;1843;Active
75041693;Speaker;2022-04-05 14:31:22;1513;Active
476206610;Computer;2022-04-05 14:13:28;2948;Active
303154376;Phone;2022-04-05 14:04:37;698;Passive
274792236;Phone;2022-04-05 13:57:57;2864;Active
235519533;Other;2022-04-05 13:12:26;2308;Active
437470839;Other;2022-04-05 13:09:26;397;Passive
437307727;Speaker;2022-04-05 11:32:31;1607;Active
105091289;Other;2022-04-05 10:33:56;962;Active
829029076;Computer;2022-04-04 16:32:34;2395;Active
542056885;Computer;2022-04-04 15:31:00;2803;Active
406725434;Phone;2022-04-04 12:43:50;1779;Active
232390130;TV;2022-04-04 12:39:58;2885;Active
552648091;Phone;2022-04-04 11:29:32;2774;Active
828532164;TV;2022-04-04 11:16:30;2375;Active
527479875;TV;2022-04-04 11:10:48;318;Passive
984854975;Computer;2022-04-03 20:33:34;2439;Active
765242259;TV;2022-04-03 15:43:42;563;Passive
882367337;Other;2022-04-03 14:48:25;676;Passive
533491580;Other;2022-04-03 14:23:45;2126;Active
638985038;TV;2022-04-03 14:14:08;2255;Active
150583293;Other;2022-04-03 14:02:45;998;Active
733403839;Phone;2022-04-03 13:36:08;1279;Active
688544141;Speaker;2022-04-03 11:36:58;27;Passive
465657534;Phone;2022-04-03 11:11:50;185;Passive
74636219;Other;2022-04-03 11:11:43;535;Passive
357757743;Other;2022-04-03 10:04:25;375;Passive
669815470;Phone;2022-04-02 20:52:03;608;Passive
463259739;Phone;2022-04-02 16:23:12;1465;Active
623995622;TV;2022-04-02 15:12:41;975;Active
235750952;Speaker;2022-04-02 15:04:30;85;Passive
904076885;Speaker;2022-04-02 13:41:37;2104;Active
858171752;Phone;2022-04-02 13:39:14;641;Passive
562502893;Phone;2022-04-02 12:41:45;2858;Active
631203986;Phone;2022-04-02 12:05:39;1604;Active
475767260;Phone;2022-04-01 14:51:14;686;Passive
400864137;Speaker;2022-04-01 14:35:52;163;Passive
417485726;Computer;2022-04-01 12:52:13;2743;Active
302200650;Phone;2022-04-01 11:35:00;1806;Active
632758013;Other;2022-04-01 10:52:45;786;Active
182243677;TV;2022-04-01 10:42:57;1521;Active